Artist,Titles
Lady Gaga & Bruno Mars,Die With A Smile
Morgan Wallen,I'm The Problem
Kendrick Lamar & SZA,Luther
Billie Eilish,Birds Of A Feather
Shaboozey,A Bar Song (Tipsy)
ROSE & Bruno Mars,APT.
The Weeknd & Playboi Carti,Timeless
Teddy Swims,Lose Control
Benson Boone,Beautiful Things
Kendrick Lamar Featuring Lefty Gunplay,TV Off
Morgan Wallen,Love Somebody
The Weeknd,Cry For Me
Gracie Abrams,That's So True
Sabrina Carpenter,Espresso
Kendrick Lamar,Not Like Us
Post Malone Featuring Morgan Wallen,I Had Some Help
Bad Bunny,DTMF
Chappell Roan,Pink Pony Club
Lola Young,Messy
Kendrick Lamar,Squabble Up
Sabrina Carpenter,Taste
SZA With Kendrick Lamar,30 For 30
Chappell Roan,"Good Luck, Babe!"
Hozier,Too Sweet
Myles Smith,Stargazing
Bad Bunny,Baile Inolvidable
Doechii,Denial Is A River
"Tyler, The Creator Featuring GloRilla, Sexyy Red & Lil Wayne",Sticky
Lady Gaga,Abracadabra
Morgan Wallen,Smile
Koe Wetzel & Jessie Murph,High Road
Billie Eilish,Wildflower
Tate McRae,Sports Car
Sexyy Red & Bruno Mars,Fat Juicy & Wet
Gigi Perez,Sailor Song
Jimin,Who
Bad Bunny,Nuevayol
Sabrina Carpenter,Bed Chem
GloRilla & Sexyy Red,Whatchu Kno About Me
The Marias,No One Noticed
Fetty Wap,Again
SZA,BMF
The Weeknd & Anitta,Sao Paulo
Jelly Roll,Liar
The Weeknd & Justice,Wake Me Up
The Weeknd,Baptized In Fear
Sabrina Carpenter,Please Please Please
The Weeknd,Open Hearts
Neton Vega,Loco
Zach Top,I Never Lie
GELO,Tweaker
Chris Brown,Residuals
"The Weeknd, Travis Scott & Florence + The Machine",Reflections Laughing
Lainey Wilson,4x4xU
Bad Bunny,Voy A Llevarte Pa PR
Sam Barber Featuring Avery Anna,Indigo
Travis Scott,4X4
Cody Johnson & Carrie Underwood,I'm Gonna Love You
Bad Bunny,EOO
The Weeknd & Future,Enjoy The Show
Teddy Swims,Bad Dreams
"Tyler, The Creator Featuring Lola Young",Like Him
Shaboozey,Good News
Chris Stapleton,Think I'm In Love With You
The Weeknd,Niagara Falls
Jordan Davis,I Ain't Sayin'
"Bad Bunny, Omar Courtz & Dei V",Velda
The Weeknd & Lana Del Rey,The Abyss
The Weeknd,Take Me Back To LA
Bad Bunny,El Club
The Weeknd,Given Up On Me
Megan Moroney,Am I Okay?
Post Malone Featuring Luke Combs,Guy For That
The Weeknd,Opening Night
Addison Rae,Diet Pepsi
Rauw Alejandro & Bad Bunny,Que Pasaria...
Oscar Maydon & Fuerza Regida,Tu Boda
Teddy Swims & GIVEON,Are You Even Real
Summer Walker,Heart Of A Woman
Zach Bryan,Blue Jean Baby
Kendrick Lamar Featuring AzChike,Peekaboo
The Weeknd,I Can't Wait To Get There
BigXthaPlug,The Largest
Gabito Ballesteros & Tito Double P,7 Dias
Kane Brown With Jelly Roll,Haunted
Don Toliver,No Pole
Bad Bunny & Chuwi,Weltita
Ella Langley,Weren't For The Wind
Real Boston Richey,Help Me
Imogen Heap,Headlock
Kendrick Lamar Featuring Dody6,Hey Now
Doechii,Nissan Altima
Bad Bunny,Kloufrens
Bad Bunny & RaiNao,Perfumito Nuevo
CHRYSTAL,The Days
JENNIE & Dominic Fike,Love Hangover
Tito Double P,Rosones
Tito Double P,Nadie
"David Guetta, Alphaville & Ava Max",Forever Young
Riley Green,Worst Way